{
  "version": 1,
  "permissions": [
    { "name": "tenant.manage",       "desc": "Create or manage tenants" },
    { "name": "team.manage",         "desc": "Invite or remove users; assign roles" },
    { "name": "kb.read",             "desc": "Read knowledge base documents" },
    { "name": "kb.write",            "desc": "Create/update/delete knowledge base content" },
    { "name": "chat.view",           "desc": "View conversations" },
    { "name": "chat.takeover",       "desc": "Take control of a live conversation" },
    { "name": "chat.export",         "desc": "Export conversation logs" },
    { "name": "lead.view",           "desc": "View leads and contact info" },
    { "name": "lead.write",          "desc": "Edit leads and ownership" },
    { "name": "analytics.read",      "desc": "View analytics dashboards" },
    { "name": "analytics.export",    "desc": "Export analytics data" },
    { "name": "integrations.manage", "desc": "Configure webhooks, API keys, and channels" },
    { "name": "billing.read",        "desc": "View invoices and payments" },
    { "name": "billing.write",       "desc": "Manage refunds and billing actions" },
    { "name": "widget.embed",        "desc": "Generate widget tokens" }
  ]
}
