{
  "version": 1,
  "policies": [
    {
      "id": "tenancy_guard",
      "applies_to": "*",
      "logic": {
        "any": [
          { "in": ["super_admin", { "var": "subject.roles" }] },
          { "==": [ { "var": "subject.tenant_id" }, { "var": "resource.tenant_id" } ] }
        ]
      }
    },
    {
      "id": "chat_takeover_threshold",
      "applies_to": "chat.takeover",
      "logic": {
        "all": [
          { "in": ["agent", { "var": "subject.roles" }] },
          { "==": [ { "var": "subject.tenant_id" }, { "var": "resource.tenant_id" } ] },
          { "<":  [ { "var": "context.ai_confidence" }, 0.65 ] }
        ]
      }
    },
    {
      "id": "kb_restricted",
      "applies_to": "kb.write",
      "logic": {
        "any": [
          { "in": ["company_admin", { "var": "subject.roles" }] },
          { "not": { "==": [ { "var": "resource.confidentiality" }, "restricted" ] } }
        ]
      }
    },
    {
      "id": "analytics_export_plan",
      "applies_to": "analytics.export",
      "logic": {
        "all": [
          { "in": ["company_admin", { "var": "subject.roles" }] },
          { "in": [ { "var": "context.subscription_plan" }, ["PRO", "ENTERPRISE"] ] },
          { "==": [ { "var": "context.mfa_passed" }, true ] }
        ]
      }
    },
    {
      "id": "billing_refund_limit",
      "applies_to": "billing.write",
      "logic": {
        "any": [
          {
            "all": [
              { "in": ["finance_manager", { "var": "subject.roles" }] },
              { "<=": [ { "var": "context.amount" }, { "var": "context.plan.refund_limit" } ] }
            ]
          },
          { "in": ["company_admin", { "var": "subject.roles" }] }
        ]
      }
    }
  ]
}
