{
  "version": 1,
  "relationships": [
    { "relation": "admin-of",  "subject": { "type": "user", "id": "u_1" }, "object": { "type": "tenant", "id": "t_demo" } },
    { "relation": "member-of", "subject": { "type": "user", "id": "u_2" }, "object": { "type": "team", "id": "team_support_t_demo" } },
    { "relation": "owner-of",  "subject": { "type": "user", "id": "u_3" }, "object": { "type": "kb_doc", "id": "doc_99" } }
  ],
  "grants": [
    { "action": "dashboard.view", "subject": { "type": "team", "id": "team_support_t_demo" }, "object": { "type": "dashboard", "id": "dash_conv" } }
  ]
}
