{
  "version": 1,
  "roles": [
    {
      "name": "super_admin",
      "scope": "platform",
      "permissions": [
        "tenant.manage",
        "analytics.read",
        "analytics.export",
        "billing.read",
        "billing.write",
        "integrations.manage",
        "team.manage"
      ]
    },
    {
      "name": "company_admin",
      "scope": "tenant",
      "permissions": [
        "team.manage",
        "kb.read",
        "kb.write",
        "chat.view",
        "chat.takeover",
        "lead.view",
        "lead.write",
        "analytics.read",
        "analytics.export",
        "integrations.manage",
        "billing.read",
        "billing.write",
        "widget.embed"
      ]
    },
    {
      "name": "agent",
      "scope": "tenant",
      "permissions": [
        "chat.view",
        "chat.takeover",
        "lead.view"
      ]
    },
    {
      "name": "analyst",
      "scope": "tenant",
      "permissions": [
        "analytics.read",
        "chat.view"
      ]
    },
    {
      "name": "developer",
      "scope": "tenant",
      "permissions": [
        "integrations.manage",
        "widget.embed",
        "analytics.read"
      ]
    },
    {
      "name": "finance_manager",
      "scope": "tenant",
      "permissions": [
        "billing.read",
        "billing.write",
        "analytics.read"
      ]
    },
    {
      "name": "end_user",
      "scope": "public",
      "permissions": []
    }
  ]
}
